Serial No.,Name of the Apartment,Coordinates x,coordinates y
1,"A L Helen Ksrtc Bondel Road ,Mangaluru",12.886096,74.849454
3,"Aadhee, Lobo Lane, Mangaluru",12.878150,74.855924
4,"Aadheesh, M.G Road, Mangaluru",12.878019,74.840528
5,Aadheeshwari Apt Field Street Road Mangalore,12.872625,74.838474
6,Aadhi Apt Kadri Kaibattal Road Mangalore,12.885176,74.859355
7,Aashna Apt Yemmekere Road Mangalore,12.851369,74.842703
8,Abhi Residency Sulthan Bathery Road,12.889611,74.830055
11,Abhiman Apt Bharathi Nagara Cross Road Kodialguthu,12.882473,74.842818
12,Abhiman Chambers Kudmal Ranga Rao Road Mangalore,12.876908,74.848609
15,Abhiman Heights Nadiguthu 2Nd Cross Road Mangalore,12.899000,74.855754
16,Abhiman Hills Light House Hill Road Mangalore,12.871394,74.844301
17,"Abhiman Mansion, Karangalpady Bejai Rd, Mangaluru",12.881938,74.846302
18,Abhiman Plaza Kadri Bunts Hostel Road Mangalore,12.877095,74.848207
19,Abhiman Residency Attavara Nanndigudde Road Mangalore,12.877033,74.848589
20,Abhiman Texas Collectors Gate To Upper Bendoor Circle Mangalore,12.874510,74.854421
22,Abhish Homes Subhash Nagar Road,12.852100,74.839709
25,Abiman Gardens Kadri Mangalore,12.878655,74.853688
26,"Abiman Palace, Mannagudda, Mangaluru",12.884903,74.833761
27,"Abish A Mangaladevi, Mangaluru",12.859399,74.846864
30,Abish Diamond Ashok Nagara Mangalore,12.903378,74.824377
32,"Abish Homes Subhash Nagar, Mangaluru",12.851803,74.839608
34,Abish Pearl Attavar Mangalore,12.859855,74.846741
35,Abish Promenade Kadri Kambla Mangalore,12.883066,74.849531
36,Abish Ruby Ashok Nagar Mangalore,12.903345,74.824388
38,"Abode ( R) Kalpana Road, Vaslane, Mangaluru",12.871101,74.854699
39,Ace Apple View Bejai Mangalore,12.879769,74.855770
40,Ace Destiny Ladyhill Mangalore,12.888075,74.836740
41,Ace Felmag Near Lady Hill Church Mangalore,12.890307,74.832748
42,Ace View Near Museum Bejai Mangalore,12.879685,74.855813
43,"Acropolis ( R) Light House Hill, Mangaluru",12.870431,74.843120
44,"Adelphia, Britto Lane, Falnir, Mangaluru",12.865335,74.848508
45,Adhitya Nehru Avenue Cross Road Mangalore,12.885309,74.837398
47,Adithi Matadakani Cross Road Mangalore,12.877444,74.844238
48,Adithya Commercial Complex Mangalore,12.886165,74.842211
49,Aditya Homes Mangalore,12.891231,74.852310
50,Adonai Towers Falnir Road Mangalore,12.868233,74.850522
51,"Adonia, Alvares Road, Kadri, Mangaluru",12.880989,74.858303
52,"Agraja Shilas, Urwa, Mangaluru",12.894620,74.826693
53,"Agraja Vivanta, Mannagudda, Mangaluru",12.887800,74.830803
54,Aishani Apt Ballalbagh Sri Devi College Road Mangalore,12.883768,74.842037
55,Aishwarya Residency Ashiyana Road Mangalore,12.911567,74.831388
56,"Ajantha Apt (R ), Gandhi Nagar, Mangaluru",12.886361,74.830499
57,Akash Towers Chilimbi Mangalore,12.897531,74.835571
59,Akbuqueraque House Pandeshwar Road,12.858940,74.839232
61,Akshatha Palace Gokarnateshwara Temple Road Mangalore,12.872393,74.833171
62,Akshaya Bunts Hostel Mangalore,12.902885,74.844832
68,Alice Manor Kudmal Ranga Rao Road Mangalore,12.874889,74.847346
69,Alison Heights Balikashrama Road Mangalore,12.869007,74.858458
70,Allego Aristoo Enclave,12.869373,74.842978
71,Allego Aureus Kankanady Mangalore,12.869877,74.854251
74,"Amber, Urwa, Mangaluru",12.890244,74.827932
76,Amora Opp Bhat Nursing Home Gandhinagara Main Road Mangalore,12.887967,74.832970
77,Amratha Apt Bhagavathi Nagar Mangalore,12.880013,74.837379
78,Amritha Enclave Matadakaniroad Mangalore,12.884196,74.829825
79,Anand Apt Pintos Lane Mangalore,12.878346,74.847049
81,Anantha Krishna Apartment Mahalasa Temple Road Maryhill Junction To Ishwara Katte Road,12.905735,74.863981
82,Ananya Residency Land Links Main Road Mangalore,12.905096,74.853101
85,Aniq Plaza Azizuddin Main Road Mangalore,12.868603,74.832987
87,Anmol Arcade Urwa Store To Ashok Nagar Mangalore,12.897100,74.830666
88,Anmol Marigudi Heights Mangalore,12.891955,74.827201
89,Anmol Place Kulur Ferry Road Mangalore,12.884108,74.834847
90,Annabelle Manor -1 Bejai Kme Trunk Road Mangalore,12.888292,74.842449
91,Annanya Apt Bolara Main Road Mangalore,12.879598,74.839245
93,Annapoorna Hill Ksrtc To Baliga Store Cross Road Manmgalore,12.889974,74.840385
94,Annapoorna Nagar Ashoknagar Ashoknagar Cross Road Mangalore,12.906248,74.824085
95,Annapoorna River Side Boloor Road Mangalore,12.905945,74.824138
97,Anshul Residency Kadri Road Mangalore,12.875953,74.862019
98,Anugraha Apt Central Ware House Road Mangalore,12.880504,74.836136
99,Anugraha Apt Kadri Temple New Road Mangalore,12.882008,74.835733
100,Anusha Aditya Kees Road Mangalore,12.933442,74.841038
101,Anveet Apartment Urwa Marigudi Road Mangalore,12.890636,74.829863
102,Apeksha Residency Kmc Medical College 1St Cross Road Mangalore,12.881123,74.836239
103,Apoorva Apartment Kambla Cross Road Mangalore,12.879739,74.838113
105,"Apple Cottage ,Derebail, Mangaluru",12.909107,74.848998
106,"Apple Homes, Shakthinagar, Mangaluru",12.908634,74.875777
108,"Apple Park, Ballalbagh, Mangaluru",12.882725,74.842146
112,Aradhaan Apt Kodial Cross Road Mangalore,12.900873,74.830708
114,"Aria, Alvares Road, Mangaluru",12.882188,74.857948
115,"Aristaa, Mangaladevi Rd, Mangaluru",12.852791,74.850582
116,Arjun Side Of Bhagavathi Nagar Road,12.881622,74.836964
118,Ashok Manner,12.878940,74.859888
120,"Ashoka Elite, Urwa, Mangaluru",12.894142,74.827708
121,"Ashoka Enclave, Hoigebail, Urwa, Mangaluru",12.894282,74.829146
123,"Ashoka Excellency, Urwa Market, Mangaluru",12.893194,74.829195
124,"Ashoka Majestic, Urwa Stores, Mangaluru",12.899357,74.833689
125,Ashoka Palace Jai Hindu Road,12.869960,74.847150
126,"Ashoka Paradise, Ashoka Nagara, Urwa, Mangaluru",12.896953,74.826408
127,Ashoka Park Matadakani,12.888665,74.826507
128,"Ashoka Residency, Urwa, Mangaluru",12.894690,74.828735
129,Ashraya Apt Attavara Babbugudda Road,12.873271,74.838618
130,Ashreen Apt Maladi Hose Road,12.889221,74.842410
132,Asta Lake Side Morgans Gate Road,12.847265,74.849019
133,Aster Park Bejai Kapikad Road,12.893393,74.841341
135,Atlantis Bendoorwell Mangalore,12.872792,74.857017
136,Attavara Palace B Block J.V Rouch 2Nd Cross Road,12.861554,74.849832
138,Auram Kadri Kambula,12.880988,74.848410
139,"Aureus, Vaslane, Mangaluru",12.869584,74.854272
142,Ave Maria Apt Bhjagini Sampage Road,12.849570,74.850326
144,"Balaleela Castle, Kodialguthu, Mangaluru",12.881699,74.841036
145,Balasamia Apt Padavu Hihg School Road,12.892839,74.858201
146,Baseri Residency Bhaginin Samaj Road,12.851743,74.844049
147,"Bearys Valencia, Valencia, Mangaluru",12.860181,74.855564
148,Beetle Residency Nagakannika Temple Road,12.905211,74.854163
149,Bella Vista Kadri,12.899394,74.852789
150,Bellisima Kadri Market Road,12.880033,74.856807
155,"Bhandary Heights ,Near Infosys Kottara(H)",12.908168,74.836633
156,"Bhandary Solitaire,Kadri Temple Road",12.880784,74.855148
157,Bhandary Vijaya Enclave Ware House Road,12.881968,74.835539
158,"Bharath Apartment,Boloor Village,Mangalore(New)",12.898551,74.832282
159,"Bharath Mall, Mangaluru",12.886306,74.840811
161,"Bharathi Greens 2. Residential (New Clusters) Derebail, Mangaluru",12.907088,74.841870
163,"Bharathi Residency, Anegundi Road, Bejai, Mangaluru",12.891175,74.843233
164,"Bharghavi Gloria Residency ,Balebail Road ,N.H 17",12.896641,74.848663
165,"Bharthi West Winds, Urwa Store, Mangaluru",12.900216,74.830919
167,"Bhoomi'S Fern Apt,Matadakani Main Road(New)",12.887382,74.829394
168,Bhoomi'S Samrudi ;Yekuru Fisheres Collage Road(New),12.855369,74.869921
169,"Binaca Apartment ,Bejai Church Road Ksrtc Busstand",12.885965,74.845182
170,"Binary Homes, Kottara Daddalakad Road",12.904077,74.838694
171,"Birwa Complex,Temple Road,Alake",12.874846,74.833952
172,"Blue Berry Platinium Apartment,Derebail,Mangalore(New)",12.902977,74.846001
173,"Blue Birds Mannor ,Silvas Gates Road",12.862911,74.855844
174,"Blue Haven, Falnir, Mangaluru",12.864999,74.852536
176,"Bolar Enclave,Opposite Of Sbi",12.847779,74.847468
177,"Bon Grace ,Nanthoor,Kulshekara Road",12.884847,74.864801
178,"Bon View Towers,Kadri Road (1997)",12.880881,74.858969
179,"Bridge Square ,Bendore Bridge Road",12.873871,74.850402
180,"Brigade Pinnacle ,Derebail Church ,Mangalore.",12.905246,74.846281
181,"Brighton Manaor,Balmata Road(1997)",12.868768,74.845100
183,"Brook Side ,Mukyaprana Temple Road",12.843893,74.852225
184,"Brookfileds, Kadri, Mangaluru",12.871960,74.859389
185,"Brookside,Morgansgate Road ,Mangalore",12.843876,74.852173
186,"C.P.C 80Th Jublee Building,Bibi Alabi 1St Cross Road,Azizuddin Road To Kalikamba Temple Road",12.869266,74.833951
187,"Calassique Gateway,Kankaanady Byepass Road",12.869924,74.863107
190,"Canara Homes,Airport Road(1995)",12.903666,74.861891
191,Canopy Near Urwa Store,12.900814,74.835007
192,"Capital (R ) Kadri, Mangaluru",12.881678,74.861868
193,"Capital Avenue ,Near D.C Office (C)",12.861144,74.836493
194,"Carissa Residential Apartment,Kankanady Road",12.864740,74.862324
195,"Casa Grande ,Sturrock Road",12.863525,74.847360
197,"Casa Lavina,Kankanady Market Road",12.868655,74.853945
199,"Casa Royale,Lady Hill 3Rd Cross Road(New)",12.888837,74.837766
202,"Castle ,Kadri",12.878881,74.858763
203,"Catalonia II Kulshekar, Mangaluru",12.884553,74.876979
204,"Catalonia Kulshekar, Mangaluru",12.884515,74.876928
205,"Celeste, Mecara Hill, Mangaluru",12.877444,74.858726
206,"Celina Hights ,Kottara Daddalakad Road,Derebail",12.904696,74.837851
208,"Chabus Garden ,Bokkapatna Cross Road",12.880243,74.830079
209,"Chabus Garden,Kodikal Main Road",12.880214,74.830109
210,"Chaithanya Apartment,Mannugudda New Cross Road",12.876689,74.834715
212,"Charma Enclave ,Bejai New Road",12.891934,74.848668
214,"Chilimbi Heights,Ashok Nagara School Road",12.891255,74.836264
215,"Chirag'S Occan Pearl,Residential Apts Ashok Nagar Urwa Store",12.894987,74.830331
219,"Cilsan ,Ashoke Tile Factory Road",12.887666,74.847256
220,"Citadel Aurum,Mallikatte",12.880509,74.848301
221,"Citadel Magnum Sky Villa ,Lalbagh",12.866045,74.838161
222,"City Centre (M), K.S. Rao Road, Mangaluru",12.871282,74.842763
224,"City Market Commercial Shop ,Bhavanthi Street Road(C)",12.866045,74.838161
225,"City Plaza Complex ,Kudmal Ranga Roa Road(2000)©",12.876078,74.843695
226,"City Point ,Market Road,Mangalore©",12.874967,74.839844
227,"City Residency,Kudukori Gudda Road,Kankanady By Pass Cross Road",12.870334,74.859531
228,"City Tower, Near Rao & Rao Circle, Mangaluru",12.864131,74.837134
229,"City Walk ,Nellikai Road",12.863610,74.835078
230,"Classic Apartments, Bunts Hostel Rd, Mangaluru",12.874263,74.848615
232,"Classic Harmony, Kankandy, Mangaluru",12.868484,74.859429
233,"Classic Heights, Hathill, Mangaluru",12.889666,74.840149
234,"Classic Heritege,Kankanady, Mangaluru",12.870684,74.861079
235,"Classic Home Apt,Morgans Gate Road",12.852414,74.852265
236,"Classic Krishna, Kodialguttu,East Rd, Mangaluru",12.881286,74.844798
237,"Classic Legacy,Arya Samaja Rd, Mangaluru",12.875922,74.852194
238,"Classic Paradise, K.S.Rao Rd, Mangaluru",12.872384,74.843233
239,"Classic Popular, Kankanady, Mangaluru",12.870997,74.860719
240,"Classic Presidency,Kankanady, Mangaluru",12.870219,74.858915
241,"Classic Ruby ,Shakthinagar",12.901156,74.878211
242,"Classic Sapphire, Shakthinagar, Mangaluru",12.898363,74.876893
243,"Classic Signature ,Kadri Road",12.880612,74.857813
244,"Classic Symphony ,Kankanady Bye Pass Road",12.868125,74.859457
245,"Classic Villa ,Kankanady, Mangaluru",12.869409,74.862166
246,"Classic Village ,Shakthinagar",12.902333,74.876974
247,"Classic Villament, Kankanady, Mangaluru",12.870813,74.861223
248,Classique Gateway Pumpwell Circle,12.869940,74.863171
249,"Classique Manoor ,Arya Samaj Road",12.876103,74.851803
250,"Classique Popular ,Kudkori Gudde Road Kankanady",12.870863,74.860690
252,"Columbia Apt , Karbala Cross Road",12.875775,74.830210
253,"Columbia Residency,Subhash Nagara 1St Main Road,Yemmekre Road",12.850227,74.842245
255,"Concord, Falnir, Mangaluru",12.867920,74.852137
259,"Cosmos Apt ,Kadri Kambla Cross Road",12.880119,74.851220
260,"Cottage ,Bendoor",12.872731,74.857760
261,"County ( R) Lobo Lane, Mangaluru",12.877483,74.856263
262,"Cozy Corner ,Casa Grande Apt Road",12.854871,74.837402
264,"Cresent, Mangaladevi, Mangaluru",12.869115,74.847965
265,"Crest Apt ,Bejai Anegudi Road",12.891133,74.842221
267,"Crown Complex ,Azizuddin Main Road",12.869127,74.833465
268,"Crystal Apt, Bhangavathi Nagar Cross Road",12.877360,74.837532
272,"Dandekeri Residency ,Yeyyadi Road",12.898071,74.863742
273,"Danube, Balmatta Road, Mangaluru",12.870383,74.847242
277,"Datta Ashraya ,Mannagydda New Road",12.871399,74.833528
280,"Datta Crystal ,Hoigebail Land Links Road",12.894851,74.825664
281,"Datta Garden,Jail Cross Road",12.880174,74.842984
284,"Datta Orchard,Dominic Chruch Road",12.898902,74.832279
285,"Datta Oyster,Ashok Nagar",12.899911,74.826692
286,"Datta Palace,Gg Road",12.880090,74.835956
287,"Datta Paradise,,Kodikal Church Road,Urwa Store",12.900599,74.833161
288,"Datta Park,Sharbath Katte Road",12.892132,74.858778
289,"Datta Residency ,Gundu Roa Lane Road",12.882640,74.830805
290,"Dawaraka Enclave ,Kuntikana Kavoor Road",12.907630,74.849678
291,"Daya Sagar Apt, Jail Road",12.878828,74.862780
293,De Marvella Hoige Compound Road,12.885892,74.826963
294,Deanne Apt Alice V D'Souza Road Bejai New Road,12.889901,74.847012
295,"Deepa Apartments, Sunny, Kodialguttu, Mangaluru",12.880845,74.844536
296,Deepa Grandeur,12.881326,74.840391
297,"Deepa Mahal Apartment, Kulur Ferry Road",12.896660,74.835940
298,"Deepa Park, Ladyhill, Mangaluru",12.887650,74.837239
299,"Deepa Residency, Besant High School Road",12.877951,74.840483
300,"Deepa Towers, Bejai Main Road",12.885203,74.837292
301,"Deepanjali Aprtment, Bejai Main Road",12.885878,74.845987
302,Delma Residency Kmf Diary Road,12.890811,74.889355
303,"Delta Court, Maria Nagara 1St Cross Road",12.864748,74.851007
304,"Destiny, Mg Road",12.887748,74.836787
305,Dev Paradise,12.888011,74.861792
306,Dev Plaza,12.881609,74.855091
307,Devadan Apt Padav High School,12.882318,74.853540
311,"Dhalia,Kadri Nathooru Road To Kaibattal Road",12.883094,74.862289
314,"Dhruva Place, Hathill Road",12.894173,74.837052
315,"Dhruva Residency, Yekkur Fisheres College Road",12.857170,74.869466
317,"Diamond City, Jeppu Marnamikatte",12.852455,74.852059
319,"Diara Residency, Ashok Nagara Main Road",12.896175,74.830327
320,"Dilkush ,Bendorwell, Mangaluru",12.872478,74.856041
322,"Divine Homes , Savera, Bejai",12.889538,74.846942
323,"Divine Homes Fathima Gardens, Bejai Church Road",12.885671,74.848147
324,Divya Deepa Heights,12.888986,74.835831
325,"Divya Deepa Residency, Kadri Road",12.873343,74.862148
326,"Divya Deepa Towers, Ladyhill, Mangaluru",12.888397,74.835882
327,"Divya Enclave, Jail Road, Mangaluru",12.877887,74.842310
328,"Divya Paradise,1 & 11, Bejai, Mangaluru",12.890530,74.841793
330,"Divya Residency, Sriniasnagara 1St Cross Road",12.875792,74.861971
331,"Divyashree, Bejai, Mangaluru",12.889189,74.841172
332,"Diyashree, Bejai Kapikad Road",12.889573,74.841124
333,"Droiit Varacity, Silver Gate Road",12.889281,74.887988
335,"Dune ( R) Shivabagh, Mangaluru",12.880061,74.862677
336,"Dynasty ( R) Valencia, Mangaluru",12.861710,74.859079
337,"East End Apartment , Jeppu Market Rd, Mangaluru",12.848010,74.848233
338,"Eden Apartment, Ashoknagar Road",12.898900,74.833630
339,"Eden Apartment, Kodikal Main Road",12.899346,74.833656
340,"Eden Enclave, Kailas Colony Padavu",12.889634,74.863765
341,"Eden Paradise, Ksrtc Bus Stand Bondel Road",12.886894,74.850071
342,"Eesha, Lobo Lane, Mangalore, Mangaluru",12.877532,74.855897
345,"Embassy Court (Res) Falnir, Mangalore.",12.869511,74.847903
346,"Embassy Plaza (Commercial), Pumpwell Mangalore",12.869943,74.865729
347,Emerald Monkey Stand Road,12.851994,74.848553
348,Emkay'S Shalimar Kankanady Market Road,12.868127,74.858099
349,"Empire Mall, M.G. Road (Mall)",12.880280,74.840241
350,"Emporium ( C) Kankanady, Mangaluru",12.867572,74.858748
352,"Entity ( R) Pandeshwar, Mangaluru",12.856248,74.840461
354,"Essel Heights, Jyothi Nagara 1St Cross Road",12.902683,74.845606
355,Essel Wilcon (Commercial) Bendurwell Circle,12.870563,74.857257
356,"Evanna Homes, Kottara Daddalkad Road",12.903973,74.838769
357,"Everest Flat Point, New Monkey Stand Road",12.852401,74.846682
359,"Evergreen Apartment Falnir, Mangaluru",12.872378,74.855859
361,"Excel Mall, K.S. Rao Road, Mangaluru",12.869657,74.841421
362,"Excel Mischief Mall, K. S. Rao Road",12.870119,74.841394
363,Exotica S.C.S. Hospital Road,12.874610,74.854124
364,"Exotica, Ksrtc To Bondel Road",12.874001,74.854129
366,"Falnir Health Center, Falnir (Commercial)",12.867567,74.853085
367,"Falnir Residency, Coelho Road Near St.. Mary School",12.865472,74.851600
368,Falnir Terreces S.L Mathias Road,12.864806,74.851904
369,"Falnir Towers, Falnir Road",12.868469,74.851391
370,"Fantasy ( R) Karangalpady, Mangaluru",12.876228,74.845443
371,"Fathima Gardens , Old Kent Rd, Mangaluru",12.857194,74.842031
372,"Febal Emprise, Adarsh Nagar, Morgans Gate",12.848617,74.853606
373,Felicity 1&2 ( Residential) Bejai New Road,12.887296,74.846335
374,Fern Hill Nanthoor,12.875156,74.861655
375,"Fernitz Apt, Kalpana Road",12.877809,74.857618
376,"Fortuna Naguri, Kankanady Mnagaluru",12.870941,74.879258
377,Fortuna Pride,12.892971,74.837959
378,"Fortune Streak, Bendoorwell",12.872394,74.853179
379,"Fortune, Falnir Rd, Mangaluru",12.868037,74.850528
380,"Fred Apt, Kulur Ferry Road",12.880709,74.833643
381,"Fredrose Enclave, Valencia Left A Cross Road",12.864565,74.859896
382,"G M Abode, Souterpete 3Rd Cross Road",12.860550,74.861261
383,G.M Homes Bekakar Lane Road,12.845502,74.843667
384,"Gagan Deep Bejai New Cross Road, Kuntikana Road",12.892405,74.839590
385,"Galaxy ( R) Arya Samaj Road, Mangaluru",12.875900,74.851743
386,Gallary Apt.,12.870667,74.881008
387,"Gandhi Sons Bulding, Azizuddin Main Road",12.867523,74.833396
388,"Ganesh Mahal Complex, Ks Rao Road",12.872993,74.841832
389,Ganesh Prasad Tt Road,12.870273,74.841673
391,Ganga Yamuna Mukya Prana Temple Road,12.877221,74.874065
393,"Gardens A Block ,Bejai, Mangaluru",12.892976,74.839477
394,"Gem Castle, Ashok Nagara Side Road",12.898722,74.833066
395,"Gerosa Mansion, Jeppu Majila 4Th Cross Road",12.861945,74.858503
396,"Global Avenue, Bajjodi To Bikarnakatte Cross Road",12.884002,74.866998
397,Global Court Next To Aj Hospital,12.896410,74.847525
398,"Global Pride , Lalbagh, Mangaluru",12.883901,74.839653
399,"Glory Apartment, Urwa Store, Mangaluru",12.901682,74.838252
401,"Godrej Alpine, Ksrtc Bondel Road",12.901403,74.859888
402,"Gokul Residency, Kadri Kambla Road, Mangaluru",12.883954,74.849672
403,"Gola Residency, Alencia Nandigudda Road",12.864537,74.857444
404,"Golbal Riva, Sultan Batteri, Boloor Village'",12.889648,74.824671
405,"Golden Arch, Balmatta Road",12.861408,74.843235
406,"Golden Chambers,(C/R), Car Street Mangalore",12.868377,74.834115
407,"Golden Empire, Ashoknagar Road",12.900145,74.835375
408,"Golden Heritage, Balmatta Road",12.872997,74.852659
409,"Golden Nugget, Alvaris Road",12.880996,74.858591
410,"Golden Spquare, Bibi Alabi Road, Midan 3Rd Cross Road(Commercial)",12.860928,74.839228
411,"Golden Springs & Meeras Complex, Daddalkad 1St Cross Road Chilimbi",12.896452,74.835622
413,"Green Fields, Near Naga Kannika Temple Derebail",12.864460,74.847577
414,"Green Galary (Attavara, Mangalore)",12.862378,74.842699
415,"Green Heights Apt, S.L. Mathias Road",12.865990,74.851812
416,Green Hill Apt Block 1B Bejai Church Road,12.852468,74.852655
417,Green Park 2 Derebail,12.908220,74.858890
418,Green Park Derebail Konchady,12.908094,74.858761
419,Green View Bekalkar Lane Road,12.862371,74.867024
420,"Green Woods( Residencial), S.L. Mathias Road",12.866329,74.851715
421,"Guardian Giovanni, Nanthoor To Kulshekar Road",12.883218,74.879504
422,"Gulmohar Park, Kadri Temple Road",12.883764,74.855638
423,"Gulshan Apartment, Silva Lane To Kankanady",12.867691,74.856261
424,"Gurudev Apt, Koppalakadu Road",12.883175,74.845135
426,"H.H. Diamond City, Marnamikatte Road, Jeeppu Seminary Road",12.852455,74.852059
427,"Habitat, Gutthama Stana Road",12.877077,74.837600
428,"Hajee Residency, Karbala Road",12.860830,74.834297
429,Hallmark (Residncy) Kodialbail Mg Road Cross,12.879284,74.838704
431,"Hamilton Complex, Opp Sbi Mangalore",12.861709,74.836829
432,"Happy Homes, Arya Samaj Road",12.876679,74.851683
433,"Hari Bhakthi Apt, Pinto'S Lane",12.880534,74.846460
436,"Hari Om Harshalaya, Pvs",12.872840,74.835793
440,"Hari Om Vihar, Kodialbail Village & Ward (New)",12.876941,74.843622
441,"Hariraj City Block -6, Akashbhavana Parapade Road",12.905210,74.834619
442,"Harmony ( R) Anand Shetty Circle, Mangaluru",12.863546,74.845926
443,"Harmony, N.G Road, Attavar, Mangaluru",12.862667,74.847138
445,"Hasan Heritage, Valencia Nandigudda Road",12.865878,74.858768
446,"Hathill Apartments , Hathill",12.894030,74.837971
447,"Hathill Crest, Hat Hill, Mangalore.",12.895139,74.837038
450,"Heritage ( R) Gandhi Nagar, Mangaluru",12.887140,74.831563
451,"Heritage (R) Coelho Street, Falnir, Mangaluru",12.864465,74.848078
452,"Hermitage,Falnir",12.865102,74.850650
456,High Groove ( R) Near Bejai Circle,12.886068,74.848808
458,"High-Point Apartment, Nanthoor Junction",12.883741,74.864483
459,"Hill Crest, Hat Hill 2Nd Cross Road, Ladyhill",12.895437,74.837751
460,"Hill Point Iii, Derebail, Konchady",12.908858,74.854600
461,"Hill Scape Living, Bejai New 1St Cross Road",12.889415,74.839847
462,"Hill Side Ferns, Shivabagh, Mangalore",12.875168,74.861612
464,"Hill Streak Residential Enclave Gorigudda, Near",12.860974,74.866543
465,"Hill Streak Residential Enclave Kulshekar
",12.883348,74.875470
466,"His Grace, Hathill, Mangaluru",12.889645,74.838467
467,Holy Family Castle,12.884124,74.837218
468,"Horizon Homes ( R) Bejai, Museum Road, Mangaluru",12.887323,74.849044
469,"Hotel Deepa Comforts, M.G Road, Mangaluru",12.877879,74.841839
474,Ibrose Commercial Complex,12.877360,74.842334
476,"Ideal Towers, Ganapathi Temple Road, ©",12.869952,74.840513
477,Ik Building,12.851890,74.847038
479,"Imperia, Melina Mogaru Road, Kaprigudda (New)",12.863213,74.849314
487,Infinity Kankanady,12.866907,74.856009
488,"Inland Apeiron, Pinto'S Lane, (New)",12.874889,74.840701
489,"Inland Avenue (Com) M.G.Road, Mangalore",12.882204,74.839905
492,"Inland Ebony (Res) Kadri Main Road, Mangalore,",12.878139,74.852046
493,"Inland Echelon, Ballalbagh, Off Mg, Road",12.881809,74.836897
494,"Inland Elan, Matadakani Road, Gandhinagar,",12.887393,74.827318
495,"Inland Elite (Res) Near Navabharath Circle, Kodialbail, Mangaluru",12.873251,74.839427
496,"Inland Eminence (Res) Kadri New Road, Mangalore.",12.884442,74.852862
497,"Inland Enclave, Kadri Temple Rd, Mangaluru",12.882317,74.835032
498,"Inland Encore (Res) Kadri Kambla, Mangalore",12.885032,74.850301
499,"Inland Eon, Matadakani Rd, Mangaluru",12.885702,74.829658
500,"Inland Espana, Stylish Residential Apartment,Bejai, Mangalore",12.886982,74.847156
501,"Inland Estoria, Balmatta,Falnir Mangaluru",12.862254,74.853565
502,"Inland Ethos, Mahamayee Temple Road, Temple Square, Mangalore.",12.870434,74.835052
503,"Inland Evince Residential Apartments, Kadri",12.882819,74.855607
504,"Inland Evoke (Res), Kankanady, Mangalore.",12.870210,74.861998
505,"Inland Excellency (Res) Arya Samaj Road, Mangalore.",12.876599,74.851819
506,"Inland Galore (Com) Kankanady, Mangalore",12.869871,74.862181
507,"Inland Majestic (Res) Warehouse Road, Mannagudda, Mangaluru",12.881458,74.836310
508,"Inland Monarch (Com)/ (Res), Near C.V. Nayak Hall, Kadri Main Road, Mangalore",12.878115,74.851066
509,"Inland Ornate (Com) Navabharath Circle, Mangalore.",12.874846,74.840766
510,"Inland Pristine (Res) Kulshekar, Mangalore",12.885295,74.883541
511,"Inland Residency Com/Res) Valencia, Mangalore.",12.863495,74.857795
512,"Inland Salute (Res) Konchady 4Th Mile, Mangalore",12.911675,74.850934
513,"Inland Scion Royal Residency, Falnir Main Road,",12.867990,74.850536
514,"Inland Sovereign, Mission Gori Road, Mannugudda",12.874874,74.840690
515,"Inland Windsors, Airport Road, Mary Hill",12.910314,74.867845
516,"Insignia, Valencia Kankanady",12.864056,74.858609
517,"Iris ,Bejai, Mangaluru",12.887728,74.845308
519,Islamic Trust Apt. Attavara Nandigudda Road,12.866769,74.844803
520,"Ivory Towers, S.L. Mathias Road",12.862883,74.847895
522,"J.V West Point, Abba Hithlu Garden Road",12.885483,74.827699
523,"Jade Apartments, Vaslane, Mangaluru",12.869212,74.854410
524,Janvi Plaza,12.876516,74.847319
526,"Jaya Building, Maidan 4Th Cross Road",12.865459,74.836337
527,"Jaya Nagara Apt, Kadri Nanthoor, Mangaluru",12.885884,74.862125
529,"Jeswin Apartment. Bejai New Rd, Mangaluru",12.888810,74.846645
530,"Jnaneshwari Apartment, Vithoba Temple Road",12.872564,74.839319
533,"Jv Serene, Ambikanagar, Kavoor, Mangaluru",12.925186,74.846317
534,"K2 Aqua, Kudroli",12.866663,74.856067
535,"K2 Habitat, Pandeshwar, Mangaluru",12.855079,74.840388
536,"K2 Senna, Kankanady Bypass Road (Now)",12.866667,74.856069
540,"Kadri Mansion, Alvares Road",12.881438,74.856874
546,"Kambla Heights, Kadri Kambla Rd",12.882648,74.850058
549,"Karunadham ,K.S. Rao Rd, Mangaluru",12.869641,74.842169
551,"Kavitha Apt, Lobo Lane Cross Road",12.878601,74.854603
555,Keshav Apt,12.884643,74.837425
558,"Kings Court, Attavara Jain Compound Road",12.862193,74.850349
561,"Kk Towers, Attavara, Hampankatta",12.860616,74.848343
565,"Kottemane House, Bibi Alabi Road",12.865750,74.837584
569,"Kumars River View, Sulthan Battery Cross Road",12.873485,74.855787
570,"Kunil Centre, Ghs Road, Mangaluru",12.867279,74.840965
572,Kunil Park Apt. Balmatta New 1St Cross Road,12.863221,74.850087
573,"Kuntikan Towers, Kuntikan Jn. To Hari Padav",12.899842,74.843890
574,"Kushe Sadan, Kudmal Ranga Rao Road (C)",12.876000,74.843851
577,"Lady Residency, Ladyhill 1St Cross Road",12.888253,74.835819
578,"Ladyhill Residency, Kulur Ferry Cross Road,",12.891251,74.836716
579,"Lake View Apartment, Jeppu, Gujjarakere",12.845757,74.849995
581,Lalbagh Towers,12.882433,74.839322
583,"Land Links Apartments, Derebail, Mangaluru",12.904671,74.857317
584,"Land Links Elite Ii & Iv, Mary Hill",12.912284,74.859804
585,"Land Links Elite Iii & Iv, Mary Hill, Mangaluru",12.912484,74.859770
586,"Land Links Elite V, Mary Hill, Mangaluru",12.912484,74.859770
587,"Land Links Elite, Land Links Township Road",12.906685,74.853744
588,"Land Links Enclave, Derebail, Mangaluru",12.906186,74.853249
589,"Land Links Heights I Derebail, Mangaluru",12.908836,74.857140
590,"Land Links Heights Ii Derebail, Mangaluru",12.908836,74.857140
591,"Land Links Heights Ill , Derebail",12.908652,74.857105
592,"Land Links Hill Point 1, Derebail",12.908868,74.854597
593,"Land Links Hill Point 2, Derebail",12.908868,74.854598
594,"Land Links Hill Point 3, Derebail",12.908871,74.854246
595,"Land Links Jasmine, Derebail, Mangaluru",12.904636,74.857299
596,"Land Links Lotus, Derebail, Mangaluru",12.908902,74.857278
597,"Land Links Paradise I Derebail, Mangaluru",12.905468,74.852969
598,"Land Links Paradise Ii Derebail, Mangaluru",12.905272,74.853336
599,"Land Links Pinnacle –B Derebail, Mangaluru",12.909316,74.857362
600,"Land Links Residency I, Derebail, Mangaluru",12.905926,74.854443
601,"Land Links Residency Ii, Derebail, Mangaluru",12.906071,74.854776
602,"Land Links Township Derebail, Mangaluru",12.906759,74.856733
603,"Land Links Tulip, Kotekani, Mangaluru",12.898793,74.838754
604,"Land Links Varashree, Kadri, Kambla",12.883668,74.849523
605,"Land Linlks Royal Palm, Kodialbail",12.879655,74.835706
607,"Land Mark Grand City, Pandeshwar Road",12.857622,74.840821
608,"Land Trades Celena Heights, Kottara",12.904945,74.837722
609,"Land Trades Lenhil Ferns, Kadri",12.878069,74.854016
610,"Landmark Green County, Bolar",12.844692,74.844773
611,"Latice Aysha, Mangaladevi Main Road,",12.851904,74.841819
616,"Laxmi Mahal, K.S Rao Road (New)",12.869828,74.842371
618,"Laxmi Vaman Enclave, Kulur Ferry Road",12.891711,74.835842
619,"Laxminarayana Apartments, Pvs Circle, Mangaluru",12.882346,74.834347
621,"Leela Mansio, M.G Road (1996)",12.880948,74.841267
622,"Legacy ( C) Lower Bendore, Mangaluru",12.871395,74.856954
624,"Legend ( R) Vaslane, Mangaluru",12.868831,74.853602
625,"Legend, Vaslane, Mangaluru",12.868831,74.853602
626,"Lenhil Ferns Apt, Lobo Lane Cross Rd, M'Lore",12.878061,74.854012
628,"Light House Condominium (C/R) Lhh Road, Mangaluru",12.871545,74.846278
630,"Linking Towets Commercial Complex, 2Nd Maidan Cross Road",12.865406,74.838824
632,"Little Gardens, Bejai, Mangaluru",12.890788,74.842201
633,"Little Rock, Sturrock Road, Falnir, Mangaluru",12.864616,74.847381
634,Lobo Chamber,12.899297,74.859770
636,"Lotus Avenue (C), Kodialbail",12.877302,74.849641
638,"Lotus Krish, K0Dikal St. Antony Colony Road",12.899708,74.833217
639,"Lotus Park, Kankanady Old Road",12.868103,74.860959
640,"Lotus Sapphire, Ashoknagara",12.898867,74.832911
643,"Luminus, Kulshekar, Mangaluru",12.886322,74.880261
646,"M.C.P.L Towers, Falnlr Road, ( Junction To Unity Hospitol), (C )",12.867679,74.851922
650,"Mac Palace Gardens, Bejal Kaplkad Road",12.894368,74.845799
651,"Madhuban Residential Apa. Rtments J B Lobo Rood , Kottara Chowkl, Mangalo Re.",12.912129,74.832968
652,Madhura Apts,12.901403,74.839042
653,"Madhuvan Apt, Kadri Karnbla Road (1985)",12.870298,74.864060
654,"Madonna Mansion, Karangalpady Market Road",12.884464,74.845027
655,"Magnum, Nehru Avenu Cross Road, Lalbgh",12.885226,74.837282
656,"Mahabaleshwara Bldg,Balmatta Rd",12.884209,74.869988
657,"Mahabaleshwara Classique Ruby, Shakthinagara",12.883852,74.870051
658,"Mahalasa Apt, Gandhinagar 8Th Cross Road",12.888808,74.832557
659,Mahalasa Vaibhava Apt,12.906126,74.864113
661,"Maharaja Excellency, Lalbagh, Mangaluru",12.888224,74.839385
662,"Maharaja Heights, Falnir, Mangaluru",12.868620,74.850804
663,"Maharaja Residency, Balmatta Road, Mangaluru",12.870581,74.845325
664,"Mahendra Manor, Patravo Lane (2002)",12.875393,74.847224
665,"Majesty Enclave, Bishop Victor Road (New)",12.859227,74.850692
666,"Mak Grand, Bendorewell, Mangaluru",12.873009,74.857364
667,"Mak Mall (C} , Kankanady",12.868899,74.858187
668,"Mak Mark, Pumpwell",12.867968,74.864189
669,"Mak Park Square, Mahaveer Circle To Yekkuru Cross Road",12.867211,74.864733
670,"Mak Reviera , Velancia, Mangaluru",12.860722,74.858106
671,"Mak The Address, Sturrock Road",12.865180,74.846632
673,"Malemar Residency, Parapade Road",12.908965,74.844391
674,"Mamatha Residency ,Anegundi , Bejai, Mangaluru",12.890596,74.843612
675,"Manasa Apt, Lobo Lane Cross Road",12.877241,74.855750
676,Manasa Residency,12.880513,74.869333
677,"Manasek Apt, M.V Shetty Road",12.854450,74.840497
679,"Mangala Arcade, Marnamikatte Cross Road",12.852832,74.850114
683,"Mangala Shruthi Apartment, Tailory Road,Mulihithlu",12.846304,74.846996
684,"Mangalore Gate , Kankanady, Mangaluru",12.869590,74.858155
687,"Manjeeth Residency, Kotekani Cross, Mangalore",12.899943,74.838490
689,"Manjuniketan, Kadri Kambla Road, Mangaluru",12.881546,74.854199
690,"Manjushree .· Residency Condominium,. Alvares Road",12.885130,74.853974
691,"Manjushree Residency, Kadri Temple New Road",12.884453,74.854185
692,"Mannagudda Towers, Kuloor",12.882464,74.833213
693,"Marcelia Castle, ·Attavara Nanndigudde Road",12.863727,74.854732
696,Marian Aspire Daddalakadu 3Rd Cross Road,12.902008,74.839487
698,"Marian Paradise Avenue, Nh13 Bikaranakatte",12.885117,74.865691
699,"Marian Paradise Plaza, Jyothi Jn To Bunts Hostel",12.875241,74.848402
701,"Marian Park, Nanthoor",12.887818,74.859822
702,"Marian Promenade, Kadri",12.882522,74.849549
703,"Marian Sentinel, Comm, Kadri Kaibattalu Cross Road",12.884835,74.856994
704,"Marian Solace Residential/Commercial Building Malemar Rd, Derebail, M'Lore",12.908816,74.839653
705,"Marisha Residency, Monkey Stand New Road",12.851872,74.847807
707,Mars & Venus Hoige Ball Road,12.894800,74.834785
711,"Mary Hill View, Ksrtc Bendel Road",12.904441,74.862903
713,"Masco Meredian, Kankanady Old Road",12.869091,74.862622
714,"Masco Planet, Jeppinamogaru, Mangalore",12.851867,74.863735
717,"Matha Residency, Maryhill, Mangaluru",12.906854,74.862498
719,"Matrix Mehul, Block Ab Kurur Ferry Road (2016)",12.879223,74.833328
720,"Matrix Tranquil, Jail Cross Road (2013)",12.880892,74.844213
721,"Matrix West Wings ,Kambla Cross Road",12.878204,74.831793
722,"Maurishka Palace, Kadri Kambla Road Mangalore",12.880208,74.849907
723,"Maurishka Park ,Navabharath Circle, Mangaluru",12.876561,74.840375
724,"Maurishka Tower, Mallikatta, Mangaluru",12.878554,74.856516
726,"Maximus Commercial Complex, Lhh Rd, Mangaluru",12.870571,74.843549
728,"Mayur Paradise, Bokkapattna, Boloor",12.886192,74.824442
730,"Mayur Residency, Telecom Office Road",12.873367,74.853273
731,"Mcpl Complex, Balmatta New 2Nd Cross Road",12.867754,74.851939
734,Medifair Complex,12.876234,74.846214
735,"Meena Complex, Bibi Ala Bi Road",12.866099,74.838150
739,"Mercara Heights, Mercara Hill Road Bendore Mangalore",12.877552,74.858252
741,"Meridian Court, Attavara Nanndigudde Road",12.865530,74.850628
743,Micasa Bejai,12.886063,74.843616
744,"Milagres Castle, Hampankatta, Mangaluru",12.869034,74.844644
746,Milan Horizon,12.899359,74.859772
747,"Milestone 25 Apt,Balmatta,",12.873844,74.851871
749,"Minerva, Bejai, Mangalore",12.890247,74.842271
750,"Minerva,Pragathi Colony Road, Bejai, Mangalore",12.889620,74.842213
751,"Miranda Heights, Kulshekara Road (1996)",12.885459,74.883692
752,Misri Prime.Abba Hithlu Garden Road,12.904427,74.838435
755,"Mk Oceanus, Pandeshwara",12.877961,74.842286
756,"Mohtisham Enclave,Lhh Rd, Hampankatta, Mangaluru",12.870377,74.843130
757,"Mohtisham Fern Hill, Nanthoor",12.879748,74.840299
758,"Monalisa Residency, Bejai Church Road",12.884031,74.845284
759,"Mont Tiara, Nantoor, Mangaluru",12.885874,74.862128
760,"Mosaco, Nehru Avenue Cross Road",12.886141,74.838288
763,"Mothisham Canopy, Urwa",12.899599,74.834272
764,Mothisham Crescent. Derebail,12.879774,74.840269
765,"Moti Sadan, Casba Bazar , Market Ward (New)",12.872623,74.838717
766,"Mourya Residency, Matadakani Cross Road",12.889068,74.827050
768,"Muddam Residency, Kodikal B 7Th Cross Road",12.911241,74.830238
772,"N Force Pauline Apt, Opp. Roshni Nilaya Valencia, Kankanady, M'Lore",12.863833,74.858993
776,"N J Paradise, Chilimbi",12.896325,74.833488
778,"N J Serenity, Ashoknagar",12.899864,74.828842
779,"N J Shalini, Mannagudda",12.880462,74.833539
783,"N J Mayflower, Bendoor",12.872864,74.858120
784,"N J Mayflower, Bendoor, Mangaluru",12.872864,74.858105
787,"Nalapad :Kuni! Towers, Nellikai Road",12.862623,74.834538
788,"Nalapad Apsara Chambers, K S Rao Road",12.869494,74.842347
789,"Nalapad Kunil Towers A Block, M.P.T 1St Cross Road",12.862627,74.834532
790,Nalapad Residency,12.869807,74.867900
794,"Nanda Deepa ,Tile Factory Road Urwa",12.892389,74.827053
795,"Nanda Gokul, Balabail,Bejai",12.893545,74.844468
796,"Nandanvan Apartment ,Kulur Ferry Road",12.879102,74.835571
798,"Narayani Apt, Gandhinagara 8Th Cross Road",12.888862,74.832134
799,"Navami Apt,",12.853620,74.849295
802,"Neela Building, Azzuddin Road (1980)",12.868523,74.833144
804,Newberry Enclave. Bejai Kapikad,12.892834,74.841980
805,"Nirmaan Evanna Homes, Kottara",12.893630,74.841355
807,"N J Arcade, Ladyhill, Mangaluru",12.890679,74.835216
811,"N J Daffoddil, Nantoor, Mangaluru",12.880816,74.868261
812,"N J Paradise, Chilimbi, Mangaluru",12.896320,74.833486
814,"N J Serenity, Ashoknagar, Mangaluru",12.899848,74.828845
815,"N J Shalini, Mannagudda, Mangaluru",12.880419,74.833538
816,"Noel Park, Rock View Road",12.887611,74.837193
817,"Noor Apartments, Milagres Church To Ananda Shetty Circle Cross Road",12.866676,74.845242
818,"Noor Supreme, Azizuddin Main Road",12.869259,74.833236
819,"Noora Residency, Bhaginli Samaja Road",12.847304,74.845002
821,"Northern Sky Palmstreak, Bejbl (New)",12.882526,74.845688
822,"Northern Sky Altair, N.H· 169, Blkamakatte Kaikamba Road",12.885393,74.865997
823,Northern Sky City Pumpwell,12.863624,74.868441
824,Northern Sky Court Yard Sturrock Road,12.865260,74.847321
825,"Notting Hill, Maryhill Mangaluru",12.907824,74.867128
826,"Numero Uno, Jeppu, Mangaluru",12.879629,74.840266
827,"Oasis ( R) Arya Samaj Road, Mangaluru",12.874714,74.851649
828,Oasis Arya Samaj Road,12.874744,74.851671
829,"Oberle Towers , Balmatta, Mangaluru",12.873080,74.851343
830,"Oberle Towers, Balmatta",12.873065,74.851330
831,"Ocean Fortune Residency,Kaikamba To Kulshekara Chruch Road",12.885742,74.880825
834,"Odyssey Arya Samaj Road, Mangaluru",12.877497,74.851690
835,"Oliva Bejai New Road, 4Th Cross Road",12.888867,74.847313
836,"Olive, Bejai Kapikad, Mangalore",12.890574,74.840827
838,"Olympia Residency, Kalpane 3Rd Cross Road",12.884509,74.878246
839,"Onyx, Ashoknagar, Mangaluru",12.899455,74.831832
841,"Opal, Ashoknagar, Mangaluru",12.883832,74.846679
842,"Opera – Plaza (Nandigudda), Mangaluru",12.854184,74.853860
843,"Orchard (R), Arya Samaj Road, Mangaluru",12.876870,74.851170
844,"Orchid ( R) Bendorwell, Mangaluru",12.870431,74.857666
845,"Orion, Lobo Lane, Mangalore",12.878656,74.855262
846,"Ourania, Kadri Toll Gate, Mangalore",12.880877,74.861728
847,"Padma Tara Apt, Kuloor Ferry Road",12.893772,74.836701
848,Pai Lands Building. P.M Rao Road (C),12.869203,74.841047
849,"Pailands Plaza, (C)",12.867558,74.849020
850,"Palace Garden, Balebail Road",12.894352,74.845818
851,"Palguni Apt, Hoigebail Land Links Road",12.894626,74.825370
852,"Palkhi Enclave, Prashanth Nagar",12.905139,74.842645
853,"Pam Arcade, Kottara",12.907507,74.836321
854,"Pam Arcade, Kottara, Mangaluru",12.906321,74.836227
856,"Panchmal Green Gates, Shakthinagara",12.902131,74.880403
857,"Paradise Manor, Kottara 2Nd Cross Road",12.903881,74.838818
858,"Paramount Excellencia (Block A & B), Yekkurcross Road, Kankanady Village ,Mysore (New)",12.855679,74.869539
859,"Parin, Collectors Gate, Balmatta, Mangalore",12.873295,74.852088
860,"Parin, Collectors Gate, Balmatta, Mangalore(C)",12.873210,74.851989
862,"Parvathi Ananth, Ant Cross Road",12.859696,74.840053
864,"Pawan Apartment Karngalpady, Jail Road",12.878938,74.845974
865,Pear Apt. A.B Shetty Circle To Pandeshwara,12.858184,74.839212
867,"Peebi Residency, Esi Hospital 3Rd Cross Road",12.871234,74.857457
869,"Peeyes Homes, Sturrock Road",12.866446,74.847202
870,"Peter Cote, Kankanady",12.868288,74.860304
871,"Petmarc , Bejai Kapikad, Mangaluru",12.898964,74.841045
872,"Petmarc, Bejai Kapikad",12.898963,74.841044
873,"Pinnacle Castle, Monkey Stand Road",12.852288,74.847668
874,"Pio Mall (Commercial), Canara College Road, Mangaluru",12.880116,74.845075
875,"Pio Mall (Commercial), Canara College Road.",12.880142,74.845051
876,"Plam Residency, Bejal Kapikad Roadroad To Malemar Road)",12.910165,74.843101
877,Plama Diamond Falnir Balmatta Road,12.869845,74.851365
878,"Plama Diamond, Falnir Balmatt Rd, Mangaluru",12.869831,74.851392
879,"Plama Elite, S.L Mathias Rd, Mangaluru",12.863897,74.848585
880,"Plama Elite, S.L Mathias Road",12.863906,74.848603
881,"Plama Gardenia, Falnir, Mangalore",12.863500,74.850640
882,"Plama Grande, Kulshekara, Mangalore",12.892546,74.888871
883,"Plama Habitat, Kulshekar, Mangaluru",12.886041,74.885205
884,"Plama Habitat, Kulshekara,Mangalore",12.886036,74.885233
885,"Plama Icon, Bikarnakatta",12.885152,74.874870
886,"Plama Icon, Bikarnakatta, Mangaluru",12.885224,74.874881
888,"Plama Oceanic, Bejai",12.887469,74.841218
889,"Plama Oceanic, Bejai, Mangaluru",12.887511,74.841223
890,"Plama Residency, Bejai Kapikad Rd",12.898013,74.841743
891,"Plama Residency, Bejai Kapikad Rd, Mangaluru",12.898033,74.841694
893,"Pooja Apt, Achariya Nagara",12.855352,74.873811
894,"Pooja Avalon,Chillimbi Hill 3Rd Cross Road",12.895148,74.837014
895,"Poojan Park,",12.897948,74.830643
896,"Poojan Pearl, Jodumuta Sturrock Road",12.868246,74.836689
897,Poojan Place,12.897397,74.842051
898,"Poojan Residency, Sulthan Bathery Road",12.897833,74.830030
899,"Pool Side Apt, Amaralva Road",12.866996,74.846372
902,Poonam Asha Nikethan,12.885336,74.831522
903,"Poonam Galleria, Mangaladevi Main Road",12.856513,74.839705
904,"Poonam Garden, Bejai Kapikad Road (New)",12.892772,74.839491
905,"Poonam Girijankethan,Car Street To Mannagudde",12.879631,74.833918
909,"Poonam Park, Bejai Kapikad",12.892652,74.840022
911,"Poonam Tara Niketan, C.G Kamath Road (Now)",12.877519,74.843540
912,"Poonja Arcade, K S Rao Road, ©",12.868912,74.841624
913,"Popular Complex, Bibi Alabi Road",12.865601,74.837031
914,"Pragathi Livings, Kambla Cross Road",12.878045,74.829943
916,"Prathama Apt, Bejai Church Cross Road, Mangalore Road To Hoigebail Road",12.894548,74.828170
917,"Prathvi Mansion, Bishop Victor Road",12.860638,74.852470
919,"Preethi Apt, Haridas Lane",12.880816,74.838198
920,"Preethi Towers, M.G Cross Road",12.890078,74.828226
922,"Premier Mansion, Arya Samaja Road",12.876035,74.852191
923,"Premium Enclave ( C ) Hampankatta, Mangaluru",12.869357,74.843260
927,"Presidency Alif Homes, Old Kent Road, Mangaluru",12.870884,74.857097
928,"Presidency Avenue Arya Samaj Road, Mangaluru",12.874140,74.851671
930,"Presidency Crown Court Karangalpady, Mangaluru",12.877055,74.845929
931,"Presidency Enclave Diamond Block, Bendorewell, Mangaluru",12.873660,74.856865
933,"Presidency Enclave Sapphire Block Bendorewell, Mangaluru",12.873707,74.857058
934,"Presidency Flora Falnir, Mangalore",12.863875,74.851467
935,"Presidency Life Style, Jeppinamogaru",12.850401,74.863075
936,"Presidency Life Style, Jeppinamogaru – (New), Mangaluru",12.847755,74.863370
939,"Presidency Park Sunflower Block, Karangalpady, Mangaluru",12.877719,74.845631
940,"Presidency Park, Jasmine Block, Karangalpady, Mangaluru",12.878008,74.845670
942,"Presidency Sky Court,Attavar,Mangalore",12.864875,74.845286
943,"Presidency Spectrum, Near Kmc, Attavar",12.859495,74.847935
944,"Presidency Square Car Street, Mangaluru",12.869502,74.838239
945,"Presidency Vintage Block A& B, Kankanady",12.870182,74.858899
946,"Presidency Vintage, Kankanady, Mangaluru",12.870177,74.858907
948,"Presidency Viva, Old Kent Road, Pandeshwara",12.859876,74.840659
949,"Presidency Zone – 1, Bendorewell",12.870921,74.857102
950,"Presidium ( C) Anand Shetty Circle, Mangaluru",12.863759,74.845803
952,Presidium Anand Shetty Circle Ric,12.863707,74.845845
953,Prestige Mall (C),12.857575,74.838255
955,"Prestige Valley Crest, Bejai",12.887872,74.849299
956,"Prestige West Home, Attavara Jain Compound Road",12.866483,74.847743
959,"Prime Residency, Jeppu Seminary View Lane Road",12.860636,74.856850
963,"Provident Skyworth, Derebail",12.909920,74.850463
964,"Proximus, Urwa Stores, Mangaluru",12.897752,74.832955
966,"Purple Streak Valencia, Mangaluru",12.863515,74.863108
967,"Purple Streak,Kankanady Railway Station Road",12.863478,74.863088
968,"Pushkar, Car Street, Mangalore",12.871560,74.834651
971,Queens Croner Bendore Ladies Hostel Road,12.870813,74.842486
972,"R & S Kushe Kunj, Kulur Ferry Road Mannaguda Road",12.881776,74.834501
973,"REB Crown Apt, Kadri Kambla Rd, M'Lore",12.879450,74.850700
975,"Raghu Building, Urwa Kodikal Road, (C)",12.900535,74.835275
977,"Raj Mahal, M G Cross Road",12.883623,74.838573
979,"Raj Tower, Govinda Pai Mijar Road",12.870115,74.845483
980,Rajmahal Side Of Nehru Avenueroad,12.883773,74.838585
981,Ram Bhabvan Navabharath Cirlcle K.S Roa Road Mangalorew,12.874811,74.840661
982,Rama Krishna Apt Hathill 1St Cross Road,12.879411,74.861858
983,Rama Prasad Residency Guttamastana Road,12.876011,74.838046
985,Ramnik Arcade Anegundi Road,12.893140,74.841516
986,Randev Apt Anegundi Road,12.890085,74.841931
988,Ranik Garnderur Ammambala Subba Rao Road,12.870219,74.848226
990,Rathna Apt Hoigebail Land Links Road,12.892890,74.825028
992,Rathna Hoige Bail Land Links Road,12.893260,74.824988
993,Rayika Jeppu Market Road,12.848619,74.851104
994,"Rayville , Bendorwell, Mangaluru",12.871640,74.856306
995,"Reb Nest Kottara Chowki, Mangaluru",12.911385,74.835265
996,Red Bricks Plam Hills Kulshekara,12.894770,74.890298
997,Red Bricks Village Silver Gate Kulshekar Mangalore,12.886621,74.892922
999,Regal Grandeur Kuluru Ferry Road,12.880798,74.832668
1001,Reha Residency Jeppu Bappal Road,12.856622,74.852849
1004,"Rehoboth, Bejai, Mangalore, Mangaluru",12.870741,74.845211
1008,"Retreat ( R) S. L. Mathias Road, Mangaluru",12.864405,74.849796
1009,Retreat S.L Mathias Road,12.865061,74.849675
1010,Revar Oak Hoigebail Road,12.895122,74.826937
1011,"Rhine, Sturrock Rd, Mangaluru",12.864711,74.846918
1013,Richmond River Front Ferry Road,12.844177,74.843500
1016,Rizim Paradise Subhash Nagar Pandeshwar Mangalore,12.852566,74.841393
1017,"Rn Apartment, Bolar Cross Road",12.846489,74.847186
1019,Rohan Zorian Apt Jeppinamogaru,12.853074,74.862390
1020,"Ron Castle, Jeppu, Mangaluru",12.858586,74.857857
1021,Roohi Apartment Colaso Hospital 1St Cross Foad,12.873352,74.857800
1022,Roop Mahal Kulur Ferry Road,12.897475,74.835663
1023,Roopali Bendoorwell Mangalore,12.874107,74.856118
1024,Rosari Corttage Kulshekara,12.889041,74.882998
1026,Rose Dale Falnir Terraces Attavara,12.875183,74.848684
1028,Royal Ascot Mission Compound Road,12.869770,74.851683
1031,Royal Palms Kodialguthu,12.879950,74.835669
1032,"Royal Palms, Kodialguttu, Mangaluru",12.879722,74.835663
1034,Royal Planet Jeppinamogaru Mangalore,12.852076,74.864069
1035,Royal Pride Commercial &Residential Bolar Mangalore,12.847515,74.842258
1036,Royal Residency Balmatta Road,12.872495,74.853721
1037,Royal Tower Bibi Alabi Road Mangalore,12.866195,74.834972
1039,Rs Blue Bells Kodialbail,12.878033,74.844943
1043,S K S Planet Kadri Hill Road,12.894268,74.851057
1047,Sabjay Shivabag,12.881188,74.860494
1048,"Sabjay, Shivbagh, Mangaluru",12.880739,74.860484
1049,Sadhana Towers Ksrtc Bus Stand Bondel Road,12.885702,74.842491
1052,Sagar Disha Gujjarakatte Road,12.846455,74.850291
1053,Sagar Hills Saripalla,12.885473,74.897843
1058,"Sahara Classic, Shivbagh, Kadri, Mangaluru",12.877119,74.862853
1063,"Sahara Residency , Balmatta Road, Mangaluru",12.869890,74.846245
1064,Sahara Residency Balmatta Road,12.870308,74.846234
1067,Sai Ameya Arc 1 Bejai Kpikad Mangalore,12.892422,74.841806
1071,"Sai Grandeur, Opp. Capuchin Fiary, Jail Road, Mangaluru",12.879574,74.845842
1072,Sai Kripa Bejai,12.892994,74.843843
1073,"Sai Kripa, Bejai, Mangaluru",12.892722,74.843832
1074,Sai Mahal Karangalpady Road,12.878054,74.844513
1075,Sai Nivas Lalbagh,12.889825,74.837326
1076,"Sai Nivas, Lalbagh, Mangaluru",12.889386,74.837336
1078,Sai Palace Ballalbagh,12.882536,74.838108
1079,"Sai Paradise, Urwa Store, Mangaluru",12.897463,74.835489
1080,Sai Prem Mannagudda Mangalore,12.882721,74.833343
1081,"Sai Residency, Urwa Store, Mangaluru",12.897463,74.835489
1082,Sai Sharada Kodialbail,12.876625,74.839975
1083,"Sai Vittal, Dongarakeri, Mangaluru",12.873217,74.836062
1084,Saibeen Complex Lalbhag Mangalore,12.885274,74.839499
1085,Saidham Hat Hill Road,12.896983,74.837788
1087,Salafi Center Balmata Cross Road,12.868714,74.856861
1089,Sambrudhi Lobo Lane Cross Road,12.855879,74.869836
1090,Samrik Residency Amar Alva Road,12.852960,74.844069
1091,Samruddhi Apt Yekkur Kankanady Village Mangalore,12.855754,74.869836
1092,Samruddhi Enclave,12.902492,74.838578
1095,Sanjana Apt Alvares Road,12.892419,74.849065
1097,Sanjeev Castle Old Kent Road,12.858548,74.842797
1100,"Santhosh Castle, Kodialguthu, Mangaluru",12.881795,74.840890
1101,Santhrupthi Apt Ashock Nagar Road,12.886096,74.836946
1104,"Sapphire, Bejai, Mangaluru",12.883026,74.845459
1108,Sarvamagala Valencia,12.864487,74.858069
1109,Sas Apartment Kankanady Market To Sas Apartment,12.868553,74.856697
1110,Sathosh Castle Kodialguthu,12.882381,74.840847
1111,Sathvik Homes Matadakani Road,12.883213,74.828709
1112,Sathyashree Apt Pandeshwara Mangaldevi Main Road,12.854680,74.839455
1116,Seeco Apartment Jeppu Seminary Road,12.856353,74.855019
1119,Sequiera Jewel Apt Kuloor Ferry Road To Kottara,12.905401,74.835449
1120,Serene Bejai,12.898276,74.840064
1121,"Serene Bejai, Mangalore",12.896054,74.840328
1122,Serene Streak Residential Apartmentsv Near Kpt Padavu Air Port Road,12.894807,74.858862
1123,"Serene, Bejai Kapikad Road, Mangaluru",12.896033,74.840363
1124,"Serene,Bejai, Mangaluru",12.896033,74.840363
1125,"Serenity ( R) Bejai Church Road, Mangaluru",12.890618,74.849102
1126,Serenity Bejai Church Road,12.885647,74.845819
1129,Shakthi Arcade Jain Basadi Road,12.867067,74.834808
1130,Shakthi Durga Apt Daddalakadu 1St Cross Road,12.894890,74.869231
1132,Shakthi Elegance Kottara,12.907299,74.832284
1133,Shakthi Eminence Shakthi Nagar Mangalore,12.892179,74.867998
1134,Shakthi Empire Mannagudda,12.886772,74.862071
1135,"Shakthi Enclave , Urwastore, Mangaluru",12.900670,74.834494
1136,"Shakthi Excellency ,Alwaris Road, Kadri, Mangaluru",12.883837,74.858418
1137,Shakthi Excellency Alwaris Road Kadri,12.884392,74.858343
1138,"Shakthi Heights , Ladyhill, Mangaluru",12.891606,74.837336
1139,Shakthi Heights Ladyhill,12.892181,74.837240
1140,Shakthi Hill Side Maryhill,12.908792,74.861072
1141,Shakthi Nagar Galaxy Arya Samaj Road,12.875853,74.851736
1142,Shakthi Palace Kodical Guthu East Road,12.882092,74.844222
1143,Shakthi Saanvi Plaza Ksrtc Bondel Road,12.911707,74.868739
1145,Shakthi Suncity Abbakka Nagara Road,12.908684,74.833181
1146,"Shakthi Tower, Ladyhill, Mangaluru",12.887498,74.836090
1147,Shakthi Towers Lady Hill,12.888021,74.836069
1148,"Shalimar Complex , Kankanady, Mangaluru",12.868126,74.858139
1149,Shalimar Complex Kankanady,12.868837,74.858026
1150,Shalimar Eden,12.856705,74.841076
1151,"Shalimar Heights , Sturrock Rd, Mangaluru",12.864208,74.848429
1152,"Shalimar Heights,Sturrock Road",12.864825,74.848290
1153,Shalimar Livepool Apt Bendoorwell Balmatta Road Mangalore,12.872043,74.855731
1154,Shalon Apt Silva Cross Road,12.884485,74.842872
1156,Shama Residency Vas Lane,12.852970,74.854268
1157,"Shama Residency, Vas Lane, Mangaluru",12.852395,74.854301
1158,Shambhavi Paradise Pragathi Colony 2Nd Cross Road,12.888705,74.840097
1159,Shangrilla Chillimbi Road,12.893879,74.835115
1160,Shangrita Apt,12.895543,74.835287
1161,"Shantala Ashiyana ,Block A & B , Near Kpt, Vyasanagar, Mangaluru",12.894222,74.853105
1162,"Shantala Ashiyana ,Block C& D , Near Kpt, Vyasanagar, Mangaluru",12.894222,74.853105
1163,Shantala Geovanni Kushekar,12.883210,74.879525
1164,"Shantala Heritage , Kpt,Vyasanagar, Mangaluru",12.895158,74.853496
1165,Shantala Heritage Kpt Vyasanagar,12.895492,74.853453
1166,Shantala Shabari Vysanagar,12.895576,74.855051
1167,Shantala Shriram Vyasanagar,12.894259,74.855630
1169,Shanthala Ashiyana Block A &B Near Kpt Vyasanagar,12.894463,74.853083
1170,Shanthala Ashiyana Block C &D Near Kpt Vyasanagar,12.894588,74.853083
1171,Shanthala Avani Vyasanagar,12.895163,74.854014
1174,Shanthala Shracvan Apt Barebail Road,12.897220,74.851288
1175,Shanthala Shriram Balebail Road,12.894591,74.855588
1176,Shantheri Apt Gandhinagara 8Th Cross Road,12.889188,74.833406
1180,"Sheetal Apt, Kankanady (1985)",12.862351,74.855036
1183,Sheetal Towers Pumpwell To Fisheries ,12.863205,74.865896
1184,Shesh Kamal Apt. Matadakani 1St Cross Road,12.886769,74.830745
1186,"Shilpa Palace, Upper Bendor",12.873353,74.855616
1187,"Shilpa Palace, Upper Bendor, Mangaluru",12.873417,74.855618
1190,"Shiva Prasad Gold, Land Links Main Road",12.906670,74.852214
1196,"Shivbagh Planet Apt, Arjun Road",12.875760,74.861777
1197,"Shivbagh Towers, Shivbagh Road (1998)",12.878365,74.861242
1198,"Shivdeep Residency, Shivbagh",12.879773,74.860225
1199,"Shivdeep Residency, Shivbagh, Mangaluru",12.879750,74.860227
1201,"Shravan Residency , Sanganikethan Road (New)",12.885556,74.830625
1204,"Shreka Residency , St. Dominic Church Rd, Urwastore M'Lore",12.901054,74.833718
1205,"Shreyas Apt , Kadri Kambla Cross Road (1999)",12.882204,74.847713
1206,"Shri Laxmi , Kadri, Mangaluru",12.883753,74.855800
1207,"Shri Laxmi, Kadri",12.883763,74.855761
1209,"Shridevi Apt , Wells Peta , Urwa Market, M'Lore",12.890947,74.827617
1210,Shruthi Enclave Mangalore ,12.852934,74.850573
1211,"Shubha Kiran , Anegundi Jn To Kottara ",12.892530,74.841880
1213,"Silver Gate , Kulshekar, Mangaluru",12.888233,74.887496
1215,"Silver Line (R ) Ballalbagh, Mangaluru",12.881692,74.840910
1218,"Silver Sand , Hoige Bazar",12.851650,74.837496
1223,Silver Streak Urwa ,12.897393,74.832605
1224,"Silver Streak Urwa, Mangaluru",12.897300,74.832470
1225,"Sim Centre ( C ) , Kadri Mangalore",12.879995,74.856430
1226,"Sindhu Enclave , Matadakanni 3Rd Cross Road ( New)",12.884517,74.827470
1227,"Sindhu Residency , Giri Nagara 1St Cross Road",12.907918,74.853510
1229,"Sky Pearl , Gokarnatha Temple Road",12.879537,74.828489
1230,"Sliver Sand, Hoige Bazar., Mangaluru",12.849996,74.837331
1231,"Smart Tower, Balmatta New Road",12.871824,74.849417
1233,"Land Trades Solitaire Apt, Chilimbi",12.894626,74.837610
1234,"Somayagi House Commercial Complex, Jyothi Circle To Bunts Hostel Circle",12.875633,74.848577
1240,"Sonal Apt , Attavara Nandigudde Road",12.861176,74.844720
1242,"Sonar Apt , Mahamayee Temple Road",12.872955,74.838062
1243,"Sony Paradise , Telicom Office Road",12.860321,74.840184
1244,"Sorake Fedora , Hat Hill Road",12.895003,74.838711
1246,"Sorake Iris , Sankaigudde Road , Bejai",12.891369,74.846597
1248,"Sowrabha Residency , Kadri Temple New Road",12.885238,74.850660
1251,"Spectrum Attavar, Mangaluru",12.859493,74.847924
1254,"Spring Dale , Kodical Main Road",12.899688,74.832928
1255,"Spring Fields Road , Kulur Ferry Road",12.877883,74.833577
1257,"Sri Devi Dayal  Canopus ,Kodical Main Road",12.899384,74.833282
1258,"Sri Durga Palace , Yeyyadi Road",12.898835,74.860575
1263,"Sri Mahamaya Sannidi , Ammambala Subba Rao Road",12.870789,74.838004
1265,"Sri Nidhi Gurji Centre , Gundu Rao Lane",12.882595,74.831404
1266,"Sri Nidhi Residency , Land Links Giri Nagara Road",12.907265,74.854587
1270,"Sri Nidi Gurji Centre, Gundu Rao Lane ",12.882591,74.831399
1272,"Sri Sharada Apt , Gandhinagara 7Th Cross Road ",12.887708,74.832640
1278,"Srinivas Apartments, Car Street, Mangaluru",12.871604,74.837586
1280,"Star Of Bombay , Old Kankanady Road ",12.869264,74.858296
1281,"Sterling Chambers (Com) Kodialbail, Mangalore",12.877901,74.839673
1288,"Sun View Apt , Neeti Nagar Road",12.881939,74.863399
1289,"Sundaram , Ahok Nagar Main Road To Shediguri Jn",12.898041,74.829323
1290,"Sundari Apt , Shivbagh , Mangalore",12.878471,74.859995
1291,"Sunshine Residency , Stp Park Rd , Yeyyadi",12.899653,74.857075
1294,"Sushma Apt , Bendore Road ",12.877446,74.856114
1297,"Swarna Deepa Apt , Sankaigudda Road",12.885249,74.845902
1300,"Sweet Home Apt , J.V  Rouch 1St Cross Road ",12.866282,74.849253
1301,Symphony ( R ) Sturrock Road ,12.864449,74.846906
1304,"Taj Palace , Rao & Rao Circle",12.864145,74.837106
1310,"Tasvi Misty, Bishop Victor Road, Mangaluru",12.859798,74.851124
1312,"Tawam Residency , Baidarkala Garodi Temple Road ",12.852329,74.853829
1313,"Tej Towers , Balmatta , Mangalore ",12.872108,74.848485
1315,"Telecom Apt , Chakarapani Temple Road ",12.858320,74.846132
1317,"The Abode Apt , Balmatta New 1St Cross",12.870887,74.854407
1320,"The Alexandria , Light House Hill Road ",12.871644,74.843552
1321,"The Asta Lakeside , Gujjarakeri Road ",12.846636,74.849039
1322,"The Gardens, Bejai, Anegundi Road, Mangaluru",12.890655,74.842206
1328,"Theresa Garden Streak Residential Enclave Opp.Bondel Chruch ,Airport Road",12.918788,74.868410
1329,"Thomson ,Jeppu Bappal Road",12.896723,74.829517
1330,"Thumbay Apartment, Coelho Road Falnir",12.866768,74.850498
1334,"Tirgis West Block, Planters Lane, Mangaluru",12.875540,74.849829
1335,"Tirgis, East Block, Planters Lane, Mangaluru",12.875540,74.849829
1336,Tokiyo Market G H S Road,12.866919,74.840699
1337,Tranquil Steak Residential Apatment Kulshekarshakti Nagar Road,12.886782,74.882484
1338,"Trinity ( C) N.G. Road, Mangaluru",12.865165,74.844641
1341,"Tulip Apartment,Valencia",12.861931,74.858979
1344,"Ujjodi Residency,N.H 17",12.909095,74.836706
1346,"Unique Streak,Jeppu Road",12.848053,74.849970
1348,"Unnathi,Pintos Lane",12.880593,74.845619
1349,"Urbania Homes,Shivabagh 1St Cross Road",12.878382,74.862949
1350,"Urwa Mansion,Urwa Marigudi Temple Road",12.900854,74.834031
1351,"Usha Kiran Apt,Balmatta New Road",12.866684,74.849093
1356,"Valeree Manor,Britto Lane",12.865106,74.848623
1357,"Valley Crest,Bejai Main Road",12.887885,74.849294
1358,"Valley View, Derebail, Mangaluru",12.902722,74.846281
1361,"Varashree Apt,Kadri Kambala Road",12.883667,74.849540
1363,"Vasulane Enclave,Vasulane",12.870043,74.853885
1364,"Vasundhara ,Urva, Mangaluru",12.891423,74.829247
1366,"Vazwin Sreak Apartment,Opp Roshni Nilaya",12.863572,74.857091
1367,"Veekay Park ,Kotekani Road",12.898718,74.837544
1371,"Veera Heights, Kodialgutu East 6Th Croos Road",12.883133,74.844616
1372,"Veera Palace, Kodialguthu Road",12.883378,74.844593
1373,"Veera Residency ,Kodialguthu 6Th Cross Road",12.882588,74.844076
1374,"Veera-Venkatesh , Side Of Field Street",12.871581,74.837500
1377,Ventura Bejai Main Road,12.887343,74.851112
1379,"Victoria Nr,Fathima Retreat House ,Valencia",12.861040,74.858031
1380,"Vienna Heights ,Hat Hill Road",12.888894,74.839755
1381,"Vienna, Shivbhag Road",12.877294,74.862317
1382,"Vijaya Enclave,Bhagvathi Nagara 1St Cross Road",12.881979,74.835545
1383,"Vijaya Nagat Apt,Jyothi Circle To Vijay Clinic",12.875512,74.848237
1384,"Vijaya, Lobo Lane, Mangalore",12.877581,74.855926
1385,"Vijayashree Arcade ,Nanthoor,Mangalore",12.871351,74.866066
1386,"Vijayashree Chambers ,Karangalpady,Mangaluru",12.876864,74.846749
1387,"Villa Silver Gate ,Kulshekar, Mangaluru",12.888246,74.887481
1389,"Vinayaka Arcade ,Bolly Road",12.847677,74.848654
1390,"Vinayaka Residency ,Gujjarekere Road",12.847196,74.849464
1391,"Vinayaka,Part Of M.G Road",12.887912,74.837398
1394,Vishwas Anmol Kadri,12.895057,74.853386
1395,"Vishwas Anugraha ,Pumpwell",12.863700,74.866909
1396,"Vishwas Asha Kiran, Vyasa Nagar, Yeyyadi, Mangaluru",12.895669,74.853535
1397,"Vishwas Avenue,B.V Road ,Falnir",12.864252,74.849264
1398,"Vishwas Carl Benz,Kadri Mallikatte Main Road",12.881560,74.862579
1399,"Vishwas City Walk,Hamiltone Circle To Mission Street",12.863659,74.835080
1400,"Vishwas Court, Pandeshwar, Mangaluru",12.857217,74.837323
1401,"Vishwas Crown, Kankanady, Mangaluru",12.867390,74.859864
1402,"Vishwas Crystal Bolar, Mangaluru",12.848539,74.842812
1403,"Vishwas Darshan Alvaris Road, Kadri, Mangaluru",12.884576,74.860302
1404,"Vishwas Diamond, Attavar, Mangaluru",12.866324,74.845680
1405,"Vishwas Dwaraka, Mannagudda, Mangaluru",12.879204,74.834778
1406,"Vishwas Garden, Vas Lane, Mangaluru",12.871145,74.853836
1407,"Vishwas Green View ,Gorigudda",12.861623,74.867114
1408,"Vishwas Green View, Pumpwell, Mangaluru",12.861649,74.867120
1409,"Vishwas Heritage,Nathoor Kaikamba Road",12.892949,74.889720
1411,"Vishwas Imperial, Falnir, Mangaluru",12.870043,74.851793
1412,"Vishwas Imperial,Falnir",12.870016,74.851822
1414,"Vishwas Jasmine,Falnir",12.864814,74.848534
1415,"Vishwas Jupiter, Pandeshwar, Mangaluru",12.853639,74.838553
1416,"Vishwas Jupiter,Pandeshwar",12.853620,74.838562
1417,"Vishwas Kuteera, Ballabagh",12.879157,74.836309
1419,"Vishwas Lalitha Residency, Behind Empire Mall, Mangaluru",12.877622,74.837191
1420,"Vishwas Lalitha Residency,Bhagmavathi Nagar Cross Road ,Behind Empire Mall ,Kodiabail",12.877621,74.837184
1422,"Vishwas Manor Falnir, Mangaluru",12.866328,74.848919
1423,"Vishwas Mithra, Kankanady, Mangaluru",12.870692,74.862002
1426,"Vishwas Natasha Residency, Urwa Ashok Nagara Road, Mangaluru",12.894514,74.827338
1427,"Vishwas Neha ,Capitanio School Cross Road",12.867276,74.867242
1428,Vishwas Neptune Bolar,12.848233,74.842857
1429,"Vishwas Orchid Pandeshwar, Mangaluru",12.853029,74.839884
1430,"Vishwas Pearl, Kankanady, Mangaluru",12.867768,74.859898
1431,"Vishwas Planet, Pandeshwar, Mangaluru",12.856852,74.841821
1432,"Vishwas Regency, Balmatta, Mangaluru",12.870697,74.851913
1433,"Vishwas Residency, Falnir, Mangaluru",12.869820,74.851457
1435,"Vishwas Royal, Falnir, Mangaluru",12.869820,74.851457
1436,"Vishwas Sagar ,Vyasa Nagara Road,Bejai Post Kadri",12.896485,74.853589
1437,"Vishwas Sahara Heights,Pandeshwar",12.857172,74.837318
1438,"Vishwas Samrat, Vyasa Nagar, Yeyyadi, Mangaluru",12.894671,74.853391
1439,Vishwas Sathyam Mission Gorigudda Road,12.884372,74.831748
1440,"Vishwas Spring Field Balmatta, Mangaluru",12.871839,74.854974
1441,"Vishwas Sujatha Residency, Kulshekar, Mangaluru",12.883815,74.880177
1442,"Vishwas Venus Morgan’S Gate, Jeppu, Mangaluru",12.847255,74.854627
1443,"Vishwas Venus,Mahakali Padpu Near Railway Gate Jeppinamogaru",12.847240,74.854620
1444,"Vishwas View,Pumpwell",12.861646,74.867102
1445,"Viva, Old Kent Road, Mangaluru",12.860875,74.840447
1446,"Vrindavan ,Gandhinagar,Mannagudda",12.883784,74.831533
1447,"Walk In Arcadia,Commander George Martis Road",12.883784,74.831533
1448,"Walk In Fantasy ,Kulshekara Chowki Road",12.883915,74.857009
1449,"Walking Fantacy ,Commander George Martis Road",12.883955,74.857013
1450,"West Coast Chamber, Monkey Stand New Road",12.852035,74.848050
1451,"West Coast Complex, Nelikai Road",12.862779,74.835805
1453,"West End Manor,Kankanady Bypass Road",12.870136,74.861727
1455,"West Gate Centre, Pumpwell, Mangaluru",12.869658,74.865961
1456,"West Gate Eternia, Marnamikatta, Jeppu, Mangaluru",12.853064,74.851534
1457,"West Gate Heights ,Falnir",12.865284,74.847025
1458,"West Gate Pride Falnir, Mangaluru",12.867428,74.852507
1459,"West Gate Rahil Residency, Falnir, Mangaluru",12.868447,74.855003
1460,"West Gate River View, Jeppinamogaru, Mangaluru",12.842601,74.850564
1461,"West Gate Terminus, Falnir, Mangaluru",12.867731,74.853518
1462,"West Gate Terraces, Pandeshwar, Mangaluru",12.855406,74.838868
1463,"West Gate Venezia, Valencia, Mangaluru",12.861683,74.863366
1464,"West Gate Venezia,Valencia",12.863318,74.863708
1465,"West Point, Matadakani, Mangaluru",12.885353,74.827952
1466,"West Wind ( R) Collector’S Gate, Mangaluru",12.875650,74.853786
1467,West Wind Collector'S Gate,12.875585,74.853786
1468,"Westgat Eternia,Marnamikatte Road",12.852987,74.851547
1469,"Westholme Apartments, Sturrock Rd, Mangaluru",12.866501,74.847754
1470,"Westline Fairmont,Karavali Lane,Kadri",12.883291,74.862395
1471,"Westline Signature,Nantoor",12.879604,74.863414
1472,"Westline Skydale,Behind Ahnanul Masjid Bikarnakatte",12.884869,74.870599
1473,"Westline Splendid,Behind Cordel Chruch Kulshekar",12.885710,74.889383
1475,"White Nile, Mallikatta, Mangaluru",12.880303,74.856517
1477,"White Stone Galaxy,Attawara Jain Compound Road",12.860258,74.850908
1478,"White Stone Gateway,Jumma Masjid Road",12.847504,74.855620
1479,"Willows Residences, Neermarga, Mangaluru",12.891999,74.910151
1480,"Willys Castle,Ballal,Garage Road",12.891519,74.849805
1481,Willy'S Centre,12.873104,74.852364
1482,"Woodville, Bondel, Mangaluru",12.921256,74.869144
1483,"Zainaba Arcade, Falnir, Mangaluru",12.867704,74.848601
